Cancer_type,AKT1,AKT3,AURKC,AXL,BTK,CAMK1D,CDKL2,DCLK1,DGKI,EGFR,EPHA5,EPHB2,ERBB4,FYN,GAK,GK2,HCK,HIPK1,ITK,LRGUK,MAP3K14,MAP4K4,MKNK2,MTOR,MYO3A,NOL9,PAK5,PDGFRB,PFKP,PI4KA,PIK3CA,PRKAA2,PRKCE,PRKDC,RET,ROS1,SLK,SMG1,STK10,SYK,TBK1,TGFBR2,TIE1,TTN,WNK3,XYLB,ZAP70
coad,1.639344262295082,1.639344262295082,1.639344262295082,1.639344262295082,1.639344262295082,1.639344262295082,1.639344262295082,1.639344262295082,1.639344262295082,1.639344262295082,1.639344262295082,1.639344262295082,6.557377049180328,1.639344262295082,1.639344262295082,1.639344262295082,1.639344262295082,1.639344262295082,1.639344262295082,1.639344262295082,1.639344262295082,1.639344262295082,1.639344262295082,1.639344262295082,3.278688524590164,1.639344262295082,1.639344262295082,1.639344262295082,1.639344262295082,1.639344262295082,8.19672131147541,1.639344262295082,1.639344262295082,1.639344262295082,1.639344262295082,1.639344262295082,1.639344262295082,1.639344262295082,1.639344262295082,1.639344262295082,1.639344262295082,1.639344262295082,1.639344262295082,11.475409836065573,1.639344262295082,1.639344262295082,1.639344262295082
