,Mutation,Count,Frequency (%),tumor,Mut,Gene
1509,ROR2_Missense_Mutation_ F493L,1,0.0270051309748852,BRCA,F493L,ROR2
2929,BUB1_Missense_Mutation_ A826V,1,0.0174003828084217,LUAD,A826V,BUB1
2928,EPHA2_Missense_Mutation_ G531A,1,0.0174003828084217,LUAD,G531A,EPHA2
2986,PIP4K2C_Missense_Mutation_ K248N,1,0.0174003828084217,LUAD,K248N,PIP4K2C
2992,EPHA5_Missense_Mutation_ E881D,1,0.0174003828084217,LUAD,E881D,EPHA5
2991,STK31_Missense_Mutation_ C799G,1,0.0174003828084217,LUAD,C799G,STK31
2990,CAMK2B_Missense_Mutation_ R297S,1,0.0174003828084217,LUAD,R297S,CAMK2B
2989,PTK2_Missense_Mutation_ E820V,1,0.0174003828084217,LUAD,E820V,PTK2
2988,ROR2_Missense_Mutation_ G872C,1,0.0174003828084217,LUAD,G872C,ROR2
2987,ABL1_Missense_Mutation_ W430L,1,0.0174003828084217,LUAD,W430L,ABL1
2985,FLT3_Missense_Mutation_ Q179H,1,0.0174003828084217,LUAD,Q179H,FLT3
2983,TYRO3_Missense_Mutation_ G248V,1,0.0174003828084217,LUAD,G248V,TYRO3
2982,MAP2K3_Missense_Mutation_ D24Y,1,0.0174003828084217,LUAD,D24Y,MAP2K3
2981,SGK2_Missense_Mutation_ A320S,1,0.0174003828084217,LUAD,A320S,SGK2
2980,PCK1_Missense_Mutation_ K91N,1,0.0174003828084217,LUAD,K91N,PCK1
2979,BCR_Missense_Mutation_ L203V,1,0.0174003828084217,LUAD,L203V,BCR
2978,BTK_Missense_Mutation_ F493L,1,0.0174003828084217,LUAD,F493L,BTK
2974,SMG1_Missense_Mutation_ M3215I,1,0.0174003828084217,LUAD,M3215I,SMG1
