,Gene_set,Term,P-value,Adjusted P-value,Old P-value,Old adjusted P-value,Odds Ratio,Combined Score,Genes
26,Reactome_2022,Axon Guidance R-HSA-422475,0.008114305929689,0.0817226525775828,0,0,4.373015873015873,21.052252084517207,EPHA5;TRIO;PIK3CA;KALRN;EGFR;EPHA3
27,Reactome_2022,Nervous System Development R-HSA-9675108,0.008114305929689,0.0817226525775828,0,0,4.373015873015873,21.052252084517207,EPHA5;TRIO;PIK3CA;KALRN;EGFR;EPHA3
44,Reactome_2022,Developmental Biology R-HSA-1266738,0.023913808450986,0.1142272027922727,0,0,3.329192546583851,12.428871962120295,EPHA5;TRIO;PIK3CA;KALRN;EGFR;EPHA3
89,Reactome_2022,EPH-Ephrin Signaling R-HSA-2682334,0.0410924334719704,0.1287562915455074,0,0,4.676470588235294,14.926972726584795,EPHA5;KALRN;EPHA3
151,Reactome_2022,EPH-ephrin Mediated Repulsion Of Cells R-HSA-3928665,0.0992576259945585,0.1841490166477993,0,0,4.37037037037037,10.095715188356523,EPHA5;EPHA3
